<?xml version="1.0" encoding="utf-8" ?>
<extension type="plugin" version="4.0" method="upgrade" group="system">
	<name>System - stopHitCounts</name>
	<creationDate>2019-05-23</creationDate>
	<author>Hans-Guenter Heiserholt [HGH]</author>
	<authorEmail>hgh-esn@t-online.de</authorEmail>
	<authorUrl>https://moba-hgh.de/joomla</authorUrl>
	<copyright>JED-HGH | Joomla Extension Development by HGH</copyright>
	<license>http://www.gnu.org/licenses/gpl-2.0.html GNU/GPL</license>
	<version>1.3.0-alpha</version>
	<description>Unterdrückt das Weiterzählen des Artikel-Zugriffzählers für Bots, bestimmte Benutzer und/oder Rechtegruppen.
	<![CDATA[
	   <hr />
	   <div align="center">
		<table border="0" width="90%">
		   <tr>
			  <td width="100%" colspan="2" style="font-size: 10pt;">
				<div>
				   <h3>Plugin: StopHitCounts</h3>
				   <a href="https://moba-hgh.de/joomla/myextensions/myplugins/2762-stop-article-hitcounts-stophitcounts" target="_blank" rel="noreferrer">
				   <img src="../media/plg_stophitcounts/images/shc-logo.png" style="margin-right: 5px; float: left" width="90" alt="shc-logo" title="Link zur Doku-WebSite" />
				   </a>
				   <img src="../media/plg_stophitcounts/images/ext_plugin.png" alt="Plugin_logo"       height="20" style="margin-right: 5px; float: left"  />
				   <img src="../media/plg_stophitcounts/images/j4-svg.jpg"     alt="Joomla 4.x Series" height="20" style="margin-right: 5px; float: left" width="75" />
				   <br /><br />
				   <div>
					   <img src="../media/plg_stophitcounts/images/DE.gif" style="margin-right: 5px; float: left" width="30" alt="de.gif" title="Deutsch" />
					   <p style="text-align: justify;">Wenn sie das Plugin nutzen, hinterlassen sie bitte ein Bewertung und einen Kommentar im
					   <a href="https://extensions.joomla.org/extensions/extension/structure-a-navigation/site-navigation/stophitcounts/" target="_blank" rel="noreferrer">Joomla! Extensions Directory.</a>
					   Danke dafür.</p>
				   </div>
				   <div>
					   <img src="../media/plg_stophitcounts/images/gb.gif" style="margin-right: 5px; float: left" width="30" alt="gb.gif" title="English-GB" />
					   <img src="../media/plg_stophitcounts/images/us.gif" style="margin-right: 5px; float: left" width="30" alt="us.gif" title="English-US" />
					   <p style="text-align: justify;">If you use the plugin, please post a rating and a comment at the
					   <a href="https://extensions.joomla.org/extensions/extension/structure-a-navigation/site-navigation/stophitcounts/" target="_blank" rel="noreferrer">Joomla! Extensions Directory.</a>
					   Thank you for that.</p>
				   </div>
				</div>
			  </td>
		   </tr>
		   <tr>
			 <td width="100%" colspan="2" style="font-size: 8pt;">
			 <div name="language">
				<div name="de-DE">
				  <hr>
				   <span style="color:red;"><strong>Wichtig:</strong></span>
				   <p style="text-align: justify;">Sie müssen das Plugin nun abschließend noch manuell aktivieren/konfigurieren. Dazu gehen sie zum <strong>Plugin Manager</strong><a href="index.php?option=com_plugins&amp;view=plugins"> (benutzen sie diesen Link)</a>. Aktivieren sie das Plugin und setzen sie die Zugriffsstufe auf "public".
				   In den Reitern (Standard/Erweitert) können sie die weitere Detail-Konfiguration vornehmen. Zuletzt speichern sie ihre Einstellungen.</p>
				   <span style="color:red;"><strong>Haftungsausschluss:</strong></span>
				   <p style="text-align: justify;">Diese Software wurde nach bestem Wissen für das CMS Joomla programmiert. Die Nutzung erfolgt aber trotzdem auf eigene Gefahr.
				   Der Author übernimmt keine Haftung für Fehler, die aus der Handhabung bzw. aus einer nicht geeigneten Joomla-Installation herrühren.</p>
				</div>
				<div name="en-EN">
				   <hr>
				   <span style="color:red;"><strong>Important:</strong></span>
				   <p style="text-align: justify;">Finally you must enable the plugin manually now. For that go to the <strong>plugin manager</strong><a href="index.php?option=com_plugins&amp;view=plugins&amp;filter_client_id=1&amp;filter_plugin=plg_stophitcounts" target="_blank" rel="noreferrer"> (use this link)</a>. Enable the plugin, set the accesslevel to <strong>public</strong>.
				   Then go to the tabs(standart/extendet) to configure the plugin and at least, <strong>save</strong> the settings.</p>
				   <span style="color:red;"><strong>Disclaimer:</strong></span>
				   <p style="text-align: justify;">This software has been programmed to the best knowledge for the CMS Joomla. The data is used but still at your own risk.
				   The author assumes no liability for errors arising from the handling or from an unsuitable Joomla installation.</p>
				</div>
			  </div>
			  </td>
		   </tr>
		</table>
	 </div>
	]]>
	</description>
	<scriptfile>install/script.php</scriptfile>
	<install>
	<sql/>
	</install>
	<uninstall>
	<sql/>
	</uninstall>
	<update>
	<schemas/>
	</update>
	<updateservers>
	<server name="HGHs UpdateServer - stopHitCounts" type="extension" priority="2">https://moba-hgh.de/updateserver/extensions/updates/plg_stophitcounts.xml</server>
	</updateservers>
	<files folder="site">
	<folder>assets</folder>
	<folder>install</folder>
	<folder>language</folder>
	<folder>models</folder>
	<filename>index.html</filename>
	<filename plugin="stophitcounts">stophitcounts.php</filename>
	<!--filename>stophitcounts_CHANGELOG.php</filename-->
	</files>
<!--	<administration>
	<languages folder="languages">

					these files will be installed in the administrator/language folder.
					.... to get the pre-/proflight-messages.

			<language tag="en-GB">en-GB/en-GB.plg_system_stophitcounts.sys.ini</language>
			<language tag="de-DE">de-DE/de-DE.plg_system_stophitcounts.sys.ini</language>
	</languages>
	</administration>
-->	<media destination="plg_stophitcounts" folder="site/assets">
	<folder>images</folder>
	</media>
	<params/>
	<config>
    <fields name="params">
		<fieldset   name="basic">
	      	<field  name=""
					type="spacer"
					default=""
					label="PLG_SYSTEM_SHC_BAS_TIPCONF_TXT"
					description="PLG_SYSTEM_SHC_BAS_TIPCONF_DESC"
				>
			</field>
	  		<field  name=""
					type="spacer"
					default=""
					label="PLG_SYSTEM_SHC_BAS_ADDCONF_TXT"
					description="PLG_SYSTEM_SHC_BAS_ADDCONF_DESC"
				>
			</field>
	 		<field  name=""
					type="spacer"
					default=""
					label="PLG_SYSTEM_SHC_BAS_DOK_TXT"
					description=""
				>
			</field>
	  		<field  name=""
					type="spacer"
					default=""
					label="PLG_SYSTEM_SHC_CR"
					description=""
				>
			</field>
		</fieldset>
		<fieldset   name="SHC_std_options" addfieldpath="/plugins/system/plg_stophitcounts/images/models/fields">
			<field 	name="disable_selfcreated_only"
					type="radio"
					class="switcher"
					default="1"
					label="PLG_SYSTEM_SHC_DISABLE_HIT_COUNT_SELF_ONLY_LABEL_TXT"
					description="PLG_SYSTEM_SHC_DISABLE_HIT_COUNT_SELF_ONLY_LABEL_DESC"
				>
				<option value="0">JNO</option>
				<option value="1">JYES</option>
			</field>
			<field 	name="disabled_users"
					type="sql"
					label="PLG_SYSTEM_SHC_DISABLE_USER_HIT_COUNT_LABEL_TXT"
					description="PLG_SYSTEM_SHC_DISABLE_USER_HIT_COUNT_LABEL_DESC"
					query="SELECT u.id , u.name FROM #__users as u inner join #__user_usergroup_map AS ugm ON ugm.user_id = u.id where ugm.group_id=2"
					multiple="multiple"
					key_field="id"
					value_field="name"
				>
			</field>
			<field 	name="disabled_groups"
					type="usergrouplist"
					multiple="true"
					default=""
					label="PLG_SYSTEM_SHC_DISABLE_GROUP_HIT_COUNT_LABEL_TXT"
					description="PLG_SYSTEM_SHC_DISABLE_GROUP_HIT_COUNT_LABEL_DESC"
				>
			</field>
			<field  name="disable_bots"
					type="radio"
					class="switcher"
					default="1"
					label="PLG_SYSTEM_SHC_DISABLE_BOTS_HIT_COUNT_LABEL_TXT"
					description="PLG_SYSTEM_SHC_DISABLE_BOTS_HIT_COUNT_LABEL_DESC"
				>
				<option value="0">JNO</option>
				<option value="1">JYES</option>
			</field>
	  		<field  name=""
					type="spacer"
					default=""
					label="PLG_SYSTEM_SHC_DISABLE_BOTS_DOKU_TXT"
					description="PLG_SYSTEM_SHC_DISABLE_BOTS_DOKU_DESC"
					showon="disable_bots:1"
				>
			</field>			
			<field  name="custom_bots"
					type="textarea"
					class="span6"
					default=""
					rows="6"
					label="PLG_SYSTEM_SHC_CUSTOM_BOTS_TXT"
					description="PLG_SYSTEM_SHC_CUSTOM_BOTS_DESC"
					showon="disable_bots:1"
				>
			</field>
		</fieldset>
		<fieldset   name="SHC_ext_options">
			<field  name="log_active"
					type="radio"
					class="switcher"
					default="0"
					label="PLG_SYSTEM_SHC_LOG_ACTIVE_TXT"
					description="PLG_SYSTEM_SHC_LOG_ACTIVE_DESC"
				>
				<option value="0">JNO</option>
				<option value="1">JYES</option>
			</field>
			<field  name="log_path"
					type="text"
					readonly="true"
					default="../administrator/logs"
					label="PLG_SYSTEM_SHC_LOG_PATH_TXT"
					description="PLG_SYSTEM_SHC_LOG_PATH_DESC"
					showon="log_active:1"
				>
			</field>
			<field  name="log_dsn"
					type="text"
					readonly="true"
					default="plg_stophitcounts-log"
					label="PLG_SYSTEM_SHC_LOG_DSN_TXT"
					description="PLG_SYSTEM_SHC_LOG_DSN_DESC"
					showon="log_active:1"
				>
			</field>
			<field  name="qookie_pov"
					type="list"
					default="86400"
					label="PLG_SYSTEM_SHC_QOOKIE_POV_TXT"
					description="PLG_SYSTEM_SHC_QOOKIE_POV_DESC"
				>
				<option value="1800">1/2h - 1800 sec.</option>
				<option value="3600">1h - 3600 sec.</option>
				<option value="7200">2h - 7200 sec.</option>
				<option value="14400">4h - 14400 sec.</option>
				<option value="14400">6h - 21600 sec.</option>
				<option value="28800">8h - 28800 sec.</option>
				<option value="36000">10h - 36000 sec.</option>
				<option value="43200">12h - 43200 sec.</option>
				<option value="86400">24h - 86400 sec.</option>
			</field>
		</fieldset>
	</fields>
</config>
</extension>
